ID,constitution,img_name
1,0,201509070007
2,0,201509070003
3,0,201509070009
4,0,201509070068
5,0,201509070035
6,0,201509070048
7,0,201509070079
8,0,201509070054
9,0,201509070017
10,0,201509070023
11,0,201509070015
12,0,201509070076
13,0,201509070052
14,0,201509070046
15,0,201509070021
16,0,201509070066
17,0,201509070040
18,0,201509070044
19,0,201509070081
20,0,201509070091
21,0,201509070058
22,0,201509070056
23,0,201509070085
24,0,201509080001
25,0,201509080005
26,0,201509080003
27,0,201509080081
28,0,201509080015
29,0,201509080095
30,0,201509080071
31,0,201509080077
32,0,201509080079
33,0,201509080085
34,0,201509080025
35,0,201509080075
36,0,201509080073
37,0,201509080017
38,0,201509080099
39,0,201509080029
40,0,201509080067
41,0,201509080047
42,0,201509080091
43,0,201509080055
44,0,201509080037
45,0,201509080043
46,0,201509190057
47,0,201509080063
48,0,201509080033
49,0,201509080057
50,0,201509080053
51,0,201509080065
52,0,201509080097
53,0,201509090011
54,0,201509090015
55,0,201509090017
56,0,201509100007
57,0,201509100013
58,0,201509100027
59,0,201509100009
60,0,201509100023
61,0,201509100033
62,0,201509110001
63,0,201509110005
64,0,201509110017
65,0,201509110033
66,0,201509110019
67,0,201509110011
68,0,201509110035
69,0,201509110015
70,0,201509230017
71,0,201509110025
72,0,201509110029
73,0,201509110043
74,0,201509110041
75,0,201509120013
76,0,201509120029
77,0,201509120041
78,0,201509120031
79,0,201509120033
80,0,201509120037
81,0,201509120039
82,0,201509120017
83,0,201509120027
84,0,201509130011
85,0,201509140101
86,0,201509130060
87,0,201509130058
88,0,201509130039
89,0,201509150019
90,0,201509130074
91,0,201509130025
92,0,201509130019
93,0,201509130029
94,0,201509130078
95,0,201509130082
96,0,201509130084
97,0,201509130088
98,0,201509130056
99,0,201509130094
100,0,201509130090
101,0,201509130062
102,0,201509130100
103,0,201509140011
104,0,201509140057
105,0,201509150021
106,0,201509140015
107,0,201509140035
108,0,201509140013
109,0,201509140079
110,0,201509140097
111,0,201509140077
112,0,201509140073
113,0,201509140041
114,0,201509140045
115,0,201509140049
116,0,201509140103
117,0,201509140095
118,0,201509150005
119,0,201509150013
120,0,201509150025
121,0,201509150015
122,0,201509150023
123,0,201509160020
124,0,201509160024
125,0,201509160016
126,0,201509160038
127,0,201509160026
128,0,201509160032
129,0,201509160042
130,0,201509170003
131,0,201509170013
132,0,201509170029
133,0,201509170031
134,0,201509170021
135,0,201509170017
136,0,201509170039
137,0,201509180027
138,0,201509180023
139,0,201509180037
140,0,201509200033
141,0,201509180029
142,0,201509180033
143,0,201509180045
144,0,201509180041
145,0,201509180063
146,0,201509180059
147,0,201509250059
148,0,201509180055
149,0,201509180057
150,0,201509180067
151,0,201509190007
152,0,201509190025
153,0,201509200001
154,0,201509190003
155,0,201509190023
156,0,201509190043
157,0,201509190049
158,0,201509190017
159,0,201509190051
160,0,201509190037
161,0,201509190061
162,0,201509190053
163,0,201509200019
164,0,201509200029
165,0,201509200009
166,0,201509200017
167,0,201509200003
168,0,201509200035
169,0,201509200023
170,0,201509200041
171,0,201509200043
172,0,201509200077
173,0,201509200059
174,0,201509200055
175,0,201509200071
176,0,201509200065
177,0,201509200075
178,0,201509210005
179,0,201509210007
180,0,201509210015
181,0,201509210013
182,0,201509210009
183,0,201509210021
184,0,201509210023
185,0,201509220005
186,0,201509220009
187,0,201509220021
188,0,201509220017
189,0,201509220011
190,0,201509220025
191,0,201509220015
192,0,201509220041
193,0,201509230091
194,0,201509220036
195,0,201509220027
196,0,201509220049
197,0,201509230013
198,0,201509230049
199,0,201509230071
200,0,201509230012
201,0,201509230019
202,0,201509230033
203,0,201509230095
204,0,201509230043
205,0,201509230039
206,0,201509230059
207,0,201509230031
208,0,201509230037
209,0,201509230083
210,0,201509230107
211,0,201509230035
212,0,201509230045
213,0,201509230053
214,0,201509230051
215,0,201509230125
216,0,201509230077
217,0,201509230093
218,0,201509230131
219,0,201509230063
220,0,201509230099
221,0,201509230127
222,0,201509230121
223,0,201509230103
224,0,201509230129
225,0,201509240017
226,0,201509240011
227,0,201509240015
228,0,201509240019
229,0,201509240027
230,0,201509240043
231,0,201509240077
232,0,201509240059
233,0,201509240023
234,0,201509240065
235,0,201509240029
236,0,201509240041
237,0,201509240087
238,0,201509240093
239,0,201509240095
240,0,201509250007
241,0,201509250005
242,0,201509250033
243,0,201509250015
244,0,201509250027
245,0,201509250021
246,0,201509250053
247,0,201509250047
248,0,201509250045
249,0,201509250043
250,0,201509250055
251,0,201509250061
252,0,201509250065
253,0,201509250067
254,0,201509260013
255,0,201509260029
256,0,201509260017
257,0,201509260025
258,0,201509260019
259,0,201509260041
260,0,201509260023
261,0,201509260035
262,0,201509260021
263,0,201509260033
264,0,201509260059
265,0,201509260057
266,0,201707150001
267,0,201707150014
268,0,201707150005
269,0,201707150020
270,0,201707150012
271,0,201707150010
272,0,201707160008
273,0,201707160015
274,0,201707160089
275,0,201707160073
276,0,201707160019
277,0,201707160059
278,0,201707160129
279,0,201707160117
280,0,201707160111
281,0,201707160115
282,0,201707160121
283,0,201707160127
284,0,201707160119
285,0,201707160097
286,0,201707160125
287,0,201707160123
288,0,201707170004
289,0,201707170008
290,0,201707170032
291,0,201707170046
292,0,201707170051
293,0,201707170042
294,0,201707170010
295,0,201707170020
296,0,201707170048
297,0,201707170044
298,0,201707170034
299,0,201707170012
300,0,201707170016
301,0,201707170018
302,0,201707170055
303,0,201707170028
304,0,201707170057
305,0,201707170022
306,0,201707170065
307,0,201707170069
308,0,201707170026
309,0,201707170074
310,0,201707170061
311,0,201707170040
312,0,201707170071
313,0,201707170053
314,0,201707170076
315,0,201707180001
316,0,201707180050
317,0,201707180026
318,0,201707180009
319,0,201707180054
320,0,201707180037
321,0,201707180016
322,0,201707180039
323,0,201707180007
324,0,201707180058
325,0,201707180019
326,0,201707180005
327,0,201707180033
328,0,201707180052
329,0,201707180064
330,0,201707180076
331,0,201707180012
332,0,201707180068
333,0,201707180041
334,0,201707180097
335,0,201707180066
336,0,201707180021
337,0,201707180106
338,0,201707180060
339,0,201707180014
340,0,201707180099
341,0,201707180123
342,0,201707180086
343,0,201707180095
344,0,201707180113
345,0,201707180023
346,0,201707180104
347,0,201707180046
348,0,201707180121
349,0,201707180091
350,0,201707180119
351,0,201707180117
352,0,201707180102
353,0,201707180044
354,0,201707180115
355,0,201707190005
356,0,201707190047
357,0,201707190009
358,0,201707190001
359,0,201707190011
360,0,201707190055
361,0,201707190053
362,0,201707190045
363,0,201707190007
364,0,201707190025
365,0,201707190051
366,0,201707190013
367,0,201707190065
368,0,201707190033
369,0,201707190063
370,0,201707190035
371,0,201707190067
372,0,201707190061
373,0,201707190071
374,0,201707190059
375,0,201707190029
376,0,201707200025
377,0,201707190049
378,0,201707190023
379,0,201707190099
380,0,201707190073
381,0,201707190097
382,0,201707190093
383,0,201707190075
384,0,201707190043
385,0,201707190083
386,0,201707190057
387,0,201707190077
388,0,201707190087
389,0,201707190041
390,0,201707190095
391,0,201707190089
392,0,201707190085
393,0,201707190091
394,0,201707200063
395,0,201707200019
396,0,201707200006
397,0,201707200021
398,0,201707200071
399,0,201707200061
400,0,201707200023
401,0,201707200004
402,0,201707200067
403,0,201707200069
404,0,201707200015
405,0,201707200027
406,0,201707200083
407,0,201707200053
408,0,201707200055
409,0,201707200073
410,0,201707200037
411,0,201707200035
412,0,201707200075
413,0,201707200031
414,0,201707200049
415,0,201707200033
416,0,201707200045
417,0,201707200077
418,0,201707200085
419,0,201707200087
420,0,201707200091
421,0,201707200047
422,0,201707200029
423,0,201707200105
424,0,201707200093
425,0,201707200057
426,0,201707200101
427,0,201707200041
428,0,201707200095
429,0,201707200097
430,0,201707200043
431,0,201707200089
432,0,201707200109
433,0,201707200079
434,0,201707200111
435,0,201707210005
436,0,201707210045
437,0,201707210003
438,0,201707210015
439,0,201707210007
440,0,201707210041
441,0,201707210011
442,0,201707210033
443,0,201707210027
444,0,201707210013
445,0,201707210039
446,0,201707210043
447,0,201707210059
448,0,201707210025
449,1,201707210031
450,1,201707210017
451,1,201707210035
452,1,201707210047
453,1,201707210053
454,1,201707220013
455,1,201707220023
456,1,201707220029
457,1,201707220017
458,1,201707220015
459,1,201707220009
460,1,201707220001
461,1,201707220011
462,1,201707220035
463,1,201707220051
464,1,201707220045
465,1,201707220033
466,1,201707220031
467,1,201707220043
468,1,201707220065
469,1,201707220063
470,1,201707220059
471,1,201707220077
472,1,201707220071
473,1,201707220047
474,1,201707220057
475,1,201707220041
476,1,201707220053
477,1,201707220061
478,1,201707220037
479,1,201707220067
480,1,201707220055
481,1,201707220073
482,1,201707220039
483,1,201707230001
484,1,201707230003
485,1,201707230017
486,1,201707230039
487,1,201707230019
488,1,201707230021
489,1,201707230011
490,1,201707230035
491,1,201707230031
492,1,201707230025
493,1,201707230009
494,1,201707230029
495,1,201707230027
496,1,201707230015
497,1,201707230013
498,1,201707230041
499,1,201707230047
500,1,201707240010
501,1,201707240008
502,1,201707240014
503,1,201707240002
504,1,201707240004
505,1,201707240006
506,1,201707240012
507,1,201707240021
508,1,201707240016
509,1,201707240025
510,1,201707240019
511,1,201707250026
512,1,201707250020
513,1,201707250016
514,1,201707250032
515,1,201707250001
516,1,201707250005
517,1,201707250014
518,1,201707250022
519,1,201707250018
520,1,201707250036
521,1,201707250042
522,1,201707250048
523,1,201707250040
524,1,201707250060
525,1,201707250054
526,1,201707250064
527,1,201707250066
528,1,201707260009
529,1,201707260011
530,1,201707260015
531,1,201707260001
532,1,201707260029
533,1,201707260027
534,1,201707260033
535,1,201707260035
536,1,201707260025
537,1,201707260023
538,1,201707260021
539,1,201707260045
540,1,201707260017
541,1,201707260047
542,1,201707260039
543,1,201707260043
544,1,201707260049
545,1,201707270049
546,1,201707270005
547,1,201707270064
548,1,201707270031
549,1,201707270015
550,1,201707270027
551,1,201707270035
552,1,201707270066
553,1,201707270058
554,1,201707270013
555,1,201707270082
556,1,201707270025
557,1,201707270033
558,1,201707270029
559,1,201707270007
560,1,201707270023
561,1,201707270045
562,1,201707270084
563,1,201707270021
564,1,201707270068
565,1,201707270047
566,1,201707270011
567,1,201707270019
568,1,201707270060
569,1,201707270086
570,1,201707270054
571,1,201707270078
572,1,201707270123
573,1,201707270076
574,1,201707270105
575,1,201707270037
576,1,201707270134
577,1,201707270088
578,1,201707270111
579,1,201707270140
580,1,201707270142
581,1,201707270101
582,1,201707270120
583,1,201707270092
584,1,201707270146
585,1,201707270095
586,1,201707270114
587,1,201707270130
588,1,201707270138
589,1,201707280060
590,1,201707280052
591,1,201707280050
592,1,201707280016
593,1,201707280001
594,1,201707280046
595,1,201707280022
596,1,201707280056
597,1,201707280018
598,1,201707280020
599,1,201707280054
600,1,201707280030
601,1,201707280006
602,1,201707280062
603,1,201707280070
604,1,201707280058
605,1,201707280078
606,1,201707280048
607,1,201707280014
608,1,201707280072
609,1,201707280066
610,1,201707280084
611,1,201707280042
612,1,201707280104
613,1,201707280106
614,1,201707280064
615,1,201707280086
616,1,201707280040
617,1,201707280076
618,1,201707280044
619,1,201707280038
620,1,201707280074
621,1,201707280080
622,1,201707280102
623,1,201707280112
624,1,201707280088
625,1,201707280110
626,1,201707280118
627,1,201707280120
628,1,201707280114
629,1,201707280108
630,1,201707290044
631,1,201707290082
632,1,201707290001
633,1,201707290108
634,1,201707290074
635,1,201707290096
636,1,201707290104
637,1,201707290046
638,1,201707290035
639,1,201707290100
640,1,201707290038
641,1,201707290040
642,1,201707290049
643,1,201707290086
644,1,201707290106
645,1,201707290094
646,1,201707290120
647,1,201707290131
648,1,201707290129
649,1,201707290125
650,1,201707290092
651,1,201707300049
652,1,201707300017
653,1,201707300011
654,1,201707300003
655,1,201707300005
656,1,201707300015
657,1,201707300051
658,1,201707300023
659,1,201707300063
660,1,201707300069
661,1,201707300019
662,1,201707300081
663,1,201707300029
664,1,201707300007
665,1,201707300053
666,1,201707300009
667,1,201707300021
668,1,201707300035
669,1,201707300067
670,1,201707300025
671,1,201707300027
672,1,201707300077
673,1,201707300087
674,1,201707300071
675,1,201707300091
676,1,201707300085
677,1,201707300107
678,1,201707300075
679,1,201707300059
680,1,201707300083
681,1,201707300055
682,1,201707300057
683,1,201707300097
684,1,201707300103
685,1,201707300061
686,1,201707300037
687,1,201707300105
688,1,201707300095
689,1,201707300073
690,1,201707300093
691,1,201707300119
692,1,201707310009
693,1,201707310005
694,1,201707310011
695,1,201707310001
696,1,201707310043
697,1,201707310031
698,1,201707310017
699,1,201707310051
700,1,201707310059
701,1,201707310053
702,1,201707310069
703,1,201707310074
704,1,201707310057
705,1,201707310023
706,1,201707310027
707,1,201707310045
708,1,201707310082
709,1,201707310080
710,1,201707310035
711,1,201707310078
712,1,201707310114
713,1,201707310086
714,1,201707310047
715,1,201707310110
716,1,201707310088
717,1,201707310100
718,1,201707310097
719,1,201707310102
720,1,201707310104
721,1,201707310108
722,1,201707310106
723,1,201708010013
724,1,201708010007
725,1,201708010033
726,1,201708010019
727,1,201708010009
728,1,201708010001
729,1,201708010055
730,1,201708010025
731,1,201708010015
732,1,201708010063
733,1,201708010029
734,1,201708010045
735,1,201708010003
736,1,201708010011
737,1,201708010065
738,1,201708010017
